Event Name,URL
SHERWIN&MARIAN2, https://fotoshare.co/e/2LIE4OjqKb0YjpAMveZiK?fbclid=IwY2xjawO8QoxleHRuA2FlbQIxMQBzcnRjBmFwcF9pZAwzNTA2ODU1MzE3MjgAAR6iot3znbC6DBfBmlhHuES97jEQwVdiuQ_SRsK9xTr3He-NGUpSVn6tbZGIag_aem_Gm4SKTciXb-BvQN6NQC9jA
BLAKE @ 7,https://fotoshare.co/e/INOWZcY-fxhMOhpbXlkDl
SHERWIN&MARIAN,https://fotoshare.co/e/wuXEZueIoPkZsrzyyin9L
SUBLI REPUBLIC Y-E-P,https://fotoshare.co/e/dnNrhllKBw98j3q88Mvb5
PESO/TCLASS ,https://fotoshare.co/e/R3dmUTuFRnnGD3VLIOwxo
TRACY ANN @ 7,https://fotoshare.co/e/sI9ZnRq0wHLGZllmVJBdl
FIBCT MAPALAD,https://fotoshare.co/e/l2L095f7vT6NzYUpPwwF7
ELISSE AVERY @ 6,https://fotoshare.co/e/LdtbFeq7gNEv1q7Z215wk?fbclid=IwY2xjawOzJG9leHRuA2FlbQIxMQBzcnRjBmFwcF9pZAwzNTA2ODU1MzE3MjgAAR4gkJhKBjodyeuGnFPtxP281lEDDdthbPfUsQcSniP09f2kw8PMkk8WFHgHdw_aem_XAF6r7Nyo28omGzCKnwHFw
S&S Y-E-P, https://fotoshare.co/e/SXFw2Lt5U-tSy6NzQijAu?fbclid=IwY2xjawOzGWBleHRuA2FlbQIxMQBzcnRjBmFwcF9pZAwzNTA2ODU1MzE3MjgAAR4B-znZvC-BT82Y0YHikeEjOevylCFygF8SLttf1szkpPYFGHTsOZLnHNhxXQ_aem_zkgYLNNgs9UtyypvgNoCmw
MARCUS CHRISTENING, https://fotoshare.co/e/Gjm7VUuYSFZIJ-19jK_xC?fbclid=IwY2xjawOzGSBleHRuA2FlbQIxMQBzcnRjBmFwcF9pZAwzNTA2ODU1MzE3MjgAAR4WL1nWcazq71mQqM7oZjU4WcuosfeURWyDLxHfWRNn4sn61v5G47fmfVfskQ_aem_xa5fmShJnCUlwQ1Qsv0PRg
PREMIUM POWER LINE Y-E-P, https://l.facebook.com/l.php?u=https%3A%2F%2Ffotoshare.co%2Fe%2FIIyH1VES2wNqOIumxNrRy&h=AT3y027r35tWpq-K8jdKF_MDfJ6J8NlerC5f6Dfr1KMPNizDiQ5P6FFSwbi0ulD0BliRJP9F0-DmGY_u-E-SFxoozJ8vxHIrYOaygxtkeGPqH-5FslAgh8QXCHky&s=1




















































